sl_id,sl_store,sl_address,sl_address2,sl_city,sl_state,sl_zip,sl_country,sl_latitude,sl_longitude,sl_tags,sl_description,sl_email,sl_url,sl_hours,sl_phone,sl_fax,sl_image
,Office of the City Clerk&#44; Gale,5430 W. Gale St,,Chicago,IL,60630,United States,41.970408,-87.764341,City Vehicle Stickers: P/LP/S/ST&#44; Large Truck Vehicle Stickers: LT&#44; Antique Vehicle Tags&#44; Motorcycle Tags&#44; Transfer or Replacement Stickers&#44; Daily Residential Parking Permits,,,,Mon - Fri: 9am - 5pm&lt;br /&gt;&lt;a href=http://chicityclerk.com/office-info/office-locations/&quot; target=&quot;&quot;_blank&quot;&quot;&gt;View Special Saturday/Sunday Hours&lt;/a&gt;&quot;&quot;&quot;,312-742-5318,,
,Office of the City Clerk&#44; City Hall,121 N. LaSalle St,107,Chicago,IL,60602,United States,41.8838519,-87.6320614,City Vehicle Stickers: P/LP/S/ST&#44; Large Truck Vehicle Stickers: LT&#44; Antique Vehicle Tags&#44; Motorcycle Tags&#44; Transfer or Replacement Stickers&#44; Daily Residential Parking Permits,,,,Mon - Fri: 8am - 5pm&#44; Sat - Sun: Closed.,312-742-5375,,
,16th & Pulaski ,1559 S Pulaski Rd ,,Chicago,IL ,60623,United States,41.8594509,-87.7249492,City Vehicle Stickers: P/LP/S/ST,Addional $5.50 Service Fee,,,Please call for hours,(773) 762-3597,(773) 762-4701,
,26th & Austin ,2542 S Austin Blvd ,,Cicero,IL ,60804,United States,41.8438331,-87.7738195,City Vehicle Stickers: P/LP/S/ST,Addional $5.50 Service Fee,,,Please call for hours,(708) 780-6274,(708) 780-6488,
,31st & Pulaski ,3101 S Pulaski Rd ,,Chicago,IL ,60623,United States,41.836625,-87.723989,City Vehicle Stickers: P/LP/S/ST,Addional $5.50 Service Fee,,,Please call for hours,(773) 247-9090,(773) 247-9592,
,Central & Chicago ,5601 W Chicago Ave ,,Chicago,IL ,60651,United States,41.894661,-87.765653,City Vehicle Stickers: P/LP/S/ST,Addional $5.50 Service Fee,,,Please call for hours,(773) 378-8903,(773) 378-8904,
,Central Milwaukee ,5306 N. Milwaukee,,Chicago,IL ,60630,United States,41.9766056,-87.7688492,City Vehicle Stickers: P/LP/S/ST,Addional $5.50 Service Fee,,,Please call for hours,(773) 763-6934,(773) 763-7284,
,Cermak & Central ,5608 W Cermak Rd ,,CIcero,IL ,60804,United States,41.851365,-87.764383,City Vehicle Stickers: P/LP/S/ST,Addional $5.50 Service Fee,,,Please call for hours,(708) 863-6500,(708) 863-6594,
,Cermak & Cicero ,6348 W Cermak Rd ,,Berwyn,IL ,60402,United States,41.8507891,-87.7826462,City Vehicle Stickers: P/LP/S/ST,Addional $5.50 Service Fee,,,Please call for hours,(708) 484-8440,(708) 484-8445,
,Cermak & Ridgeland ,4801 W Cermak Rd ,,Cicero,IL ,60804,United States,41.8509249,-87.744511,City Vehicle Stickers: P/LP/S/ST,Addional $5.50 Service Fee,,,Please call for hours,(708) 652-0998,(708) 652-1024,
,Chicago & Cicero ,5135 W Chicago Ave ,,Chicago,IL ,60651,United States,41.894703,-87.754535,City Vehicle Stickers: P/LP/S/ST,Addional $5.50 Service Fee,,,Please call for hours,(773) 287-1438,(773) 287-5227,
,Chicago & Laramie ,759 N Cicero Ave ,,Chicago,IL ,60644,United States,41.894781,-87.745425,City Vehicle Stickers: P/LP/S/ST,Addional $5.50 Service Fee,,,Please call for hours,(773) 261-6849,(773) 261-3543,
,Cicero & 47th ,4715 S. Cicero Ave,,Chicago,IL,60632,United States,41.807168,-87.742766,City Vehicle Stickers: P/LP/S/ST,Addional $5.50 Service Fee,,,Please call for hours,(773) 585-1900,(773) 585-9742,
,Cicero & Archer ,5354 1/2 S. Archer Rd ,,Chicago,IL ,60632,United States,41.7988256,-87.7422377,City Vehicle Stickers: P/LP/S/ST,Addional $5.50 Service Fee,,,Please call for hours,(773) 735-4420,(773) 735-7701,
,Continental ,2241 S Pulaski Rd ,,Chicago,IL ,60623,United States,41.8500654,-87.724689,City Vehicle Stickers: P/LP/S/ST,Addional $5.50 Service Fee,,,Please call for hours,(773) 522-0990,(773) 522-4680,
,Cottage & 83rd ,8258 S Cottage,,Chicago,IL ,60619,United States,41.7444423,-87.6051295,City Vehicle Stickers: P/LP/S/ST,Addional $5.50 Service Fee,,,Please call for hours,(773) 487-0400,(773) 487-5641,
,Devon & Clark ,6301 N Clark St ,,Chicago,IL ,60660,United States,41.9965868,-87.6698134,City Vehicle Stickers: P/LP/S/ST,Addional $5.50 Service Fee,,,Please call for hours,(773) 743-3400,(773) 743-6630,
,Devon & Western ,2400 W Devon Ave ,,Chicago,IL ,60659,United States,41.9978616,-87.6903041,City Vehicle Stickers: P/LP/S/ST,Addional $5.50 Service Fee,,,Please call for hours,(773) 274-2600,(773) 274-2655,
,Devon Financial Services,172A W Madison,,Chicago,IL,60602,United States,41.8821868,-87.6332411,City Vehicle Stickers: P/LP/S/ST,Addional $5.50 Service Fee,,,Please call for hours,(312) 782-8419,(312) 782-8425,
,Homewood ,807 Maple Ave ,,Homewood,IL ,60430,United States,41.5668267,-87.6368781,City Vehicle Stickers: P/LP/S/ST,Addional $5.50 Service Fee,,,Please call for hours,(708) 799-5505,(708) 799-7372,
,Howard & Paulina ,1660 W Howard St ,,Chicago,IL ,60626,United States,42.0194837,-87.6729606,City Vehicle Stickers: P/LP/S/ST,Addional $5.50 Service Fee,,,Please call for hours,(773) 764-0773,(773) 764-1070,
,Kedzie & Elston ,3510 N Elston Ave ,,Chicago,IL ,60618,United States,41.9448099,-87.706871,City Vehicle Stickers: P/LP/S/ST,Addional $5.50 Service Fee,,,Please call for hours,(773) 588-8709,(773) 588-3479,
,Laramie & Diversey ,5200 W Diversey Ave ,,Chicago,IL ,60641,United States,41.9316699,-87.756649,City Vehicle Stickers: P/LP/S/ST,Addional $5.50 Service Fee,,,Please call for hours,(773) 282-2020,(773) 282-1503,
,Madison & 17th ,1700 Madison St ,,Maywood,IL ,60153,United States,41.8784,-87.853988,City Vehicle Stickers: P/LP/S/ST,Addional $5.50 Service Fee,,,Please call for hours,(708) 344-5860,(708) 344-0791,
,Madison & 5th ,1000 S 5th Ave ,,Maywood,IL ,60153,United States,41.878815,-87.839191,City Vehicle Stickers: P/LP/S/ST,Addional $5.50 Service Fee,,,Please call for hours,(708) 343-2525,(708) 343-0338,
,Montrose & Central ,4354 N Central ,,Chicago,IL ,60634,United States,41.9599448,-87.7672393,City Vehicle Stickers: P/LP/S/ST,Addional $5.50 Service Fee,,,Please call for hours,(773) 545-4456,(773) 545-7916,
,New 51st & Western ,5100 S Western Ave ,,Chicago,IL ,60609,United States,41.8010266,-87.6846516,City Vehicle Stickers: P/LP/S/ST,Addional $5.50 Service Fee,,,Please call for hours,(773) 476-1221,(773) 476-3761,
,New Lincoln & Foster ,5204 N Lincoln Ave ,,Chicago,IL ,60625,United States,41.976131,-87.6923761,City Vehicle Stickers: P/LP/S/ST,Addional $5.50 Service Fee,,,Please call for hours,(773) 561-8659,(773) 561-2202,
,Pulaski Chicago ,801 N. Pulaski Road,,Chicago,IL,60651,United States,41.895668,-87.725782,City Vehicle Stickers: P/LP/S/ST,Addional $5.50 Service Fee,,,Please call for hours,(773) 278-8100,(773) 278-2671,
,Roosevelt & Central ,5429 W Roosevelt Rd ,,Cicero,IL,60804,United States,41.864806,-87.761034,City Vehicle Stickers: P/LP/S/ST,Addional $5.50 Service Fee,,,Please call for hours,(708) 863-4300,(708) 863-8565,
,Sawyer & 47th ,3224 W 47th St ,,Chicago,IL,60632,United States,41.808347,-87.705028,City Vehicle Stickers: P/LP/S/ST,Addional $5.50 Service Fee,,,Please call for hours,(773) 927-3900,(773) 927-3965,
,Skokie ,4924 W Dempster St ,,Skokie,IL,60076,United States,42.0409165,-87.7504745,City Vehicle Stickers: P/LP/S/ST,Addional $5.50 Service Fee,,,Please call for hours,(847) 933-1333,(847) 933-1348,
,Western & 71st ,7056 S Western Ave ,,Chicago,IL,60636,United States,41.7651766,-87.6833338,City Vehicle Stickers: P/LP/S/ST,Addional $5.50 Service Fee,,,Please call for hours,(773) 476-2721,(773) 476-2853,
,26th & Pulaski ,4004 W. 26th St.,,Chicago,IL,60623,United States,41.844259,-87.7248283,City Vehicle Stickers: P/LP/S/ST,Addional $5.50 Service Fee,,,Please call for hours,(773) 522-2525,773-522-8738,
,43rd & Archer ,4312Â  S. Archer Ave.,,Chicago,IL,60632,United States,41.8152339,-87.70285,City Vehicle Stickers: P/LP/S/ST,Addional $5.50 Service Fee,,,Please call for hours,(773) 523-4466,773-523-9092,
,47th & Damen ,2001 W. 47th St.,,Evergreen Park,IL,60609,United States,47.9555555,-122.211927,City Vehicle Stickers: P/LP/S/ST,Addional $5.50 Service Fee,,,Please call for hours,(773) 247-5261,773-247-8097,
,47th & Western ,2400 W. 47th St.,,Chicago,IL,60609,United States,41.8084384,-87.6844451,City Vehicle Stickers: P/LP/S/ST,Addional $5.50 Service Fee,,,Please call for hours,(773) 346-1100,773-346-1105,
,95th Western ,2507 W. 95th Street,,Chicago,IL,60805,United States,41.7206418,-87.6852428,City Vehicle Stickers: P/LP/S/ST,Addional $5.50 Service Fee,,,Please call for hours,(708) 425-0118,708-423-5803 ,
,Addison Western ,3601 N. Western Ave.,,Chicago,IL,60618,United States,41.9467593,-87.6881601,City Vehicle Stickers: P/LP/S/ST,Addional $5.50 Service Fee,,,Please call for hours,(773) 528-8105,773-528-5810,
,Archer California ,4004 S. Archer Ave.,,Chicago,IL,60632,United States,41.821171,-87.693273,City Vehicle Stickers: P/LP/S/ST,Addional $5.50 Service Fee,,,Please call for hours,(773) 523-6300,773-523-9536,
,Armitage Kostner ,4400 W. Armitage Ave.,,Chicago,IL,60639,United States,41.9172807,-87.7365695,City Vehicle Stickers: P/LP/S/ST,Addional $5.50 Service Fee,,,Please call for hours,(773) 342-0995,773-342-2087,
,Ashland & 47th ,4655 S. Ashland Ave.,,Calumet Park,IL,60609,United States,41.688423,-87.6610395,City Vehicle Stickers: P/LP/S/ST,Addional $5.50 Service Fee,,,Please call for hours,(773) 523-2111,773-523-8265,
,Cal Touhy ,7201 N. California Ave.,,Chicago,IL,60645,United States,42.0120667,-87.6996907,City Vehicle Stickers: P/LP/S/ST,Addional $5.50 Service Fee,,,Please call for hours,(773) 761-2899,773-761-0508,
,Calumet Park ,1431 W. 127th St.,,Chicago,IL,60827,United States,41.6629745,-87.6578045,City Vehicle Stickers: P/LP/S/ST,Addional $5.50 Service Fee,,,Please call for hours,(708) 385-2931,708-385-8710,
,Cermak Damen ,1958 W. Cermak Rd.,,Evanston,IL,60608,United States,41.848922,-87.6695189,City Vehicle Stickers: P/LP/S/ST,Addional $5.50 Service Fee,,,Please call for hours,(773) 254-5400 ,773-247-7435,
,Clark-Lunt ,7000 N. Clark St.,,Chicago,IL,60626,United States,42.009377,-87.674362,City Vehicle Stickers: P/LP/S/ST,Addional $5.50 Service Fee,,,Please call for hours,(773) 764-8600,773-764-9565,
,Dempster Dodge ,1830 W. Dempster Ave.,,Chicago,IL,60202,United States,42.040864,-87.69886,City Vehicle Stickers: P/LP/S/ST,Addional $5.50 Service Fee,,,Please call for hours,(847) 491-1400,847-491-1405,
,Kostner-Diversey ,4400 W. Diversey Ave.,,Chicago,IL,60639,United States,41.931907,-87.736968,City Vehicle Stickers: P/LP/S/ST,Addional $5.50 Service Fee,,,Please call for hours,(773) 489-1552,773-489-1558,
,North Cicero ,1617 N. Cicero Ave.,,Cicero,IL,60639,United States,41.8888678,-87.7457414,City Vehicle Stickers: P/LP/S/ST,Addional $5.50 Service Fee,,,Please call for hours,(773) 276-6688,773-276-7921,
,North Laramie ,5200 W. North Ave.,,Chicago,IL,60639,United States,41.909808,-87.755974,City Vehicle Stickers: P/LP/S/ST,Addional $5.50 Service Fee,,,Please call for hours,(773) 237-1306,773-237-6250,
,Roosevelt & Jefferson ,5947 W. Roosevelt Rd.,,Cicero ,IL ,60804,United States,41.8652019,-87.773905,City Vehicle Stickers: P/LP/S/ST,Addional $5.50 Service Fee,,,Please call for hours,(708) 656-8585,708-656-9288,
,Roosevelt Austin ,570 W Roosevelt Rd,,Chicago ,IL ,60607,United States,41.867588,-87.641953,City Vehicle Stickers: P/LP/S/ST,Addional $5.50 Service Fee,,,Please call for hours,(312) 360-0904,312-360-1312,
,Veterans Square ,4835 N. Milwaukee Ave,,Skokie ,IL ,60630,United States,41.9772903,-87.7691158,City Vehicle Stickers: P/LP/S/ST,Addional $5.50 Service Fee,,,Please call for hours,(773) 777-9988,773-777-9977,
,10 Check Agencies,"6321 S. Martin Luther King Dr Chicago, IL 60637",,,,,United States,41.7795943,-87.6154631,City Vehicle Stickers: P/LP/S/ST,Addional $5.50 Service Fee,,,Please call for hours,773-493-2769,,
,103rd And Halsted C E Inc,"801 W. 103rd St Chicago, IL 60643",,,,,United States,41.70666,-87.643069,City Vehicle Stickers: P/LP/S/ST,Addional $5.50 Service Fee,,,Please call for hours,773-233-6068,,
,103rd And Western C E,"10257 S. Western Ave Chicago, IL 60643",,,,,United States,41.7068313,-87.6816123,City Vehicle Stickers: P/LP/S/ST,Addional $5.50 Service Fee,,,Please call for hours,773-239-4300,,
,110th And Halsted C E,"11057 S. Halsted Chicago, IL 60628",,,,,United States,41.692498,-87.642,City Vehicle Stickers: P/LP/S/ST,Addional $5.50 Service Fee,,,Please call for hours,773-785-7404,,
,115th And Michigan C E,"100 E. 115th St Chicago, IL 60628",,,,,United States,41.6853657,-87.6200787,City Vehicle Stickers: P/LP/S/ST,Addional $5.50 Service Fee,,,Please call for hours,773-264-0601,,
,141 W Jackson Blvd C E,"141 W. Jackson Blvd Chicago, IL 60604",,,,,United States,41.8780574,-87.6322115,City Vehicle Stickers: P/LP/S/ST,Addional $5.50 Service Fee,,,Please call for hours,312-939-2167,,
,147th And Dixie Highway C E,"14725 S. Dixie Hwy Harvey, IL 60426",,,,,United States,41.621691,-87.674016,City Vehicle Stickers: P/LP/S/ST,Addional $5.50 Service Fee,,,Please call for hours,708-331-5354,,
,147th And Halsted C E,"14701 S. Halsted Harvey, IL 60426",,,,,United States,41.6225526,-87.641291,City Vehicle Stickers: P/LP/S/ST,Addional $5.50 Service Fee,,,Please call for hours,708-596-0328,,
,159th And Kedzie C E,"3200 W. 159th St Markham, IL 60426",,,,,United States,41.6008529,-87.6942183,City Vehicle Stickers: P/LP/S/ST,Addional $5.50 Service Fee,,,Please call for hours,708-331-2711,,
,159th And Laramie C E,"5201 W 159th St Oak Forest, IL 60452",,,,,United States,41.6030312,-87.7463064,City Vehicle Stickers: P/LP/S/ST,Addional $5.50 Service Fee,,,Please call for hours,708-535-1100,,
,171st And Harlem C E,"7128 W. 171st St Tinley Park, IL 60477",,,,,United States,41.5805323,-87.7920548,City Vehicle Stickers: P/LP/S/ST,Addional $5.50 Service Fee,,,Please call for hours,708-633-9200,,
,18th And Ashland C E,"1804 S. Ashland Ave Chicago, IL 60608",,,,,United States,41.857517,-87.666517,City Vehicle Stickers: P/LP/S/ST,Addional $5.50 Service Fee,,,Please call for hours,312-829-9141,,
,26th And Central Park C E,"3540 W. 26th St Chicago, IL 60623",,,,,United States,41.8444125,-87.7139714,City Vehicle Stickers: P/LP/S/ST,Addional $5.50 Service Fee,,,Please call for hours,773-762-8330,,
,26th And Kedzie C E,"3221 W. 26th St Chicago, IL 60623",,,,,United States,41.844248,-87.705881,City Vehicle Stickers: P/LP/S/ST,Addional $5.50 Service Fee,,,Please call for hours,773-247-2074,,
,31st And Morgan Check Cashers,"906 W. 31st St Chicago, IL 60608",,,,,United States,41.8381001,-87.649117,City Vehicle Stickers: P/LP/S/ST,Addional $5.50 Service Fee,,,Please call for hours,312-225-7591,,
,31st And Wallace C E,"3101 S. Wallace Ave Chicago, IL 60616",,,,,United States,41.8379954,-87.641281,City Vehicle Stickers: P/LP/S/ST,Addional $5.50 Service Fee,,,Please call for hours,312-225-7885,,
,35th And Ashland C E,"1556 W. 35th St Chicago, IL 60609",,,,,United States,41.8304814,-87.6653659,City Vehicle Stickers: P/LP/S/ST,Addional $5.50 Service Fee,,,Please call for hours,773-523-9266,,
,47th And Calumet C E Inc,"310 E. 47th St Chicago, IL 60653",,,,,United States,41.8094516,-87.6190442,City Vehicle Stickers: P/LP/S/ST,Addional $5.50 Service Fee,,,Please call for hours,773-268-9494,,
,47th And Halsted Check Cashers,"4651 S. Halsted St Chicago, IL 60609",,,,,United States,41.809197,-87.645167,City Vehicle Stickers: P/LP/S/ST,Addional $5.50 Service Fee,,,Please call for hours,773-373-0416,,
,47th And King Drive C E,"432 E. 47th St Chicago, IL 60653",,,,,United States,41.8095162,-87.6149908,City Vehicle Stickers: P/LP/S/ST,Addional $5.50 Service Fee,,,Please call for hours,773-268-4363,,
,47th And Michigan C E Inc,"4700 S. Michigan Ave Chicago, IL 60615",,,,,United States,41.80898,-87.623292,City Vehicle Stickers: P/LP/S/ST,Addional $5.50 Service Fee,,,Please call for hours,773-924-2500,,
,51st And Kedzie C E,"5100 S. Kedzie Ave Chicago, IL 60632",,,,,United States,41.8007068,-87.7038991,City Vehicle Stickers: P/LP/S/ST,Addional $5.50 Service Fee,,,Please call for hours,773-434-6648,,
,59th And Kedzie C E,"5903 S. Kedzie Ave Chicago, IL 60629",,,,,United States,41.7861881,-87.7033096,City Vehicle Stickers: P/LP/S/ST,Addional $5.50 Service Fee,,,Please call for hours,773-434-2161,,
,63rd And Cottage C E,"800 E. 63rd St Chicago, IL 60637",,,,,United States,41.7804097,-87.6059051,City Vehicle Stickers: P/LP/S/ST,Addional $5.50 Service Fee,,,Please call for hours,773-667-1300,,
,63rd And Kedzie C E,"3148 W. 63rd St Chicago, IL 60629",,,,,United States,41.7791141,-87.7026311,City Vehicle Stickers: P/LP/S/ST,Addional $5.50 Service Fee,,,Please call for hours,773-737-6267,,
,63rd And Morgan C E,"6301 S. Morgan Chicago, IL 60621",,,,,United States,41.7796752,-87.6496137,City Vehicle Stickers: P/LP/S/ST,Addional $5.50 Service Fee,,,Please call for hours,773-471-4900,,
,69th And Ashland C E,"6858 S. Ashland Ave Chicago, IL 60636",,,,,United States,41.768705,-87.664232,City Vehicle Stickers: P/LP/S/ST,Addional $5.50 Service Fee,,,Please call for hours,773-436-7300,,
,71st And Jeffery C E Inc,"1953 E. 71st St Chicago, IL 60649",,,,,United States,41.7659964,-87.5767059,City Vehicle Stickers: P/LP/S/ST,Addional $5.50 Service Fee,,,Please call for hours,773-684-7744,,
,71st And Wentworth C E,"7057 S. Wentworth Ave Chicago, IL 60621",,,,,United States,41.765662,-87.62945,City Vehicle Stickers: P/LP/S/ST,Addional $5.50 Service Fee,,,Please call for hours,773-783-1515,,
,75th And King Drive C E,"345 E. 75th St Chicago, IL 60619",,,,,United States,41.7583703,-87.6163031,City Vehicle Stickers: P/LP/S/ST,Addional $5.50 Service Fee,,,Please call for hours,773-483-4787,,
,75th And Stony Island C E,"1611 E. 75th St Chicago, IL 60649",,,,,United States,41.758519,-87.585163,City Vehicle Stickers: P/LP/S/ST,Addional $5.50 Service Fee,,,Please call for hours,773-684-5821,,
,79th And Cottage C E,"7859 S. Cottage Grove Ave Chicago, IL 60619",,,,,United States,41.7517956,-87.6052162,City Vehicle Stickers: P/LP/S/ST,Addional $5.50 Service Fee,,,Please call for hours,773-874-2713,,
,87th And Bishop C E,"1435 W. 87th St Chicago, IL 60620",,,,,United States,41.735513,-87.659629,City Vehicle Stickers: P/LP/S/ST,Addional $5.50 Service Fee,,,Please call for hours,773-779-8282,,
,87th And Commerical,"8701 S. Commercial Ave Chicago, IL 60619",,,,,United States,41.737223,-87.551013,City Vehicle Stickers: P/LP/S/ST,Addional $5.50 Service Fee,,,Please call for hours,773-721-0242,,
,87th And Halsted C E,"808 W. 87th St Unit D Chicago, IL 60620",,,,,United States,41.736483,-87.644072,City Vehicle Stickers: P/LP/S/ST,Addional $5.50 Service Fee,,,Please call for hours,773-224-7400,,
,95th And Cicero C E,"9524 S. Cicero Ave. Oak Lawn, IL 60453",,,,,United States,41.718933,-87.7411319,City Vehicle Stickers: P/LP/S/ST,Addional $5.50 Service Fee,,,Please call for hours,708-424-6300,,
,95th And State C E,"9435 S. State St Chicago, IL 60619",,,,,United States,41.722482,-87.62336,City Vehicle Stickers: P/LP/S/ST,Addional $5.50 Service Fee,,,Please call for hours,773-785-1117,,
,A Western And Lake 24 Hour C E,"149 N. Western Ave Chicago, IL 60612",,,,,United States,41.884475,-87.6860443,City Vehicle Stickers: P/LP/S/ST,Addional $5.50 Service Fee,,,Please call for hours,312-421-1500,,
,A Z Zenith C E,"1938 W. North Ave Chicago, IL 60622",,,,,United States,41.910691,-87.6765952,City Vehicle Stickers: P/LP/S/ST,Addional $5.50 Service Fee,,,Please call for hours,773-227-6656,,
,Active Insurance Agency Inc,"1034 N. Ashland Ave Chicago, IL 60622",,,,,United States,41.9007493,-87.6677435,City Vehicle Stickers: P/LP/S/ST,Addional $5.50 Service Fee,,,Please call for hours,773-278-9700,,
,Algonquin  Wilke C E,"1764 W. Algonquin Rd Arlington Heights, IL 60004",,,,,United States,42.057907,-88.0068771,City Vehicle Stickers: P/LP/S/ST,Addional $5.50 Service Fee,,,Please call for hours,847-818-0885,,
,Algonquin Busse C E,"1725 W. Algonquin Rd Mt. Prospect, IL 60056",,,,,United States,42.0358786,-87.9611942,City Vehicle Stickers: P/LP/S/ST,Addional $5.50 Service Fee,,,Please call for hours,847-228-0625,,
,Armitage Racine C E,"1164 W. Armitage Ave Chicago, IL 60614",,,,,United States,41.9183189,-87.657884,City Vehicle Stickers: P/LP/S/ST,Addional $5.50 Service Fee,,,Please call for hours,773-549-0079,,
,Ashland And 59th C E,"5913 S. Ashland Ave Chicago, IL 60636",,,,,United States,41.7862889,-87.66399,City Vehicle Stickers: P/LP/S/ST,Addional $5.50 Service Fee,,,Please call for hours,773-434-7615,,
,Ashland And 74th C E,"7315 S. Ashland Ave Chicago, IL 60620",,,,,United States,41.760829,-87.663271,City Vehicle Stickers: P/LP/S/ST,Addional $5.50 Service Fee,,,Please call for hours,773-347-0880,,
,Ashland And 79th C E,"7901 S. Ashland Ave Chicago, IL 60620",,,,,United States,41.750155,-87.663043,City Vehicle Stickers: P/LP/S/ST,Addional $5.50 Service Fee,,,Please call for hours,773-874-2439,,
,Ashland Division C E,"1545 W. Division St Chicago, IL 60622",,,,,United States,41.9030514,-87.6669006,City Vehicle Stickers: P/LP/S/ST,Addional $5.50 Service Fee,,,Please call for hours,773-276-5460,,
,Aurora New York Street C E Inc,"1001 E. New York St Aurora, IL 60505",,,,,United States,41.753837,-88.290825,City Vehicle Stickers: P/LP/S/ST,Addional $5.50 Service Fee,,,Please call for hours,630-820-1781,,
,Azteca 2  28th Street C E,"2800 S. Cicero Ave Cicero, IL 60804",,,,,United States,41.841875,-87.744313,City Vehicle Stickers: P/LP/S/ST,Addional $5.50 Service Fee,,,Please call for hours,708 652-8720,,
,Azteca 26th C E,"4327 W. 26th St Chicago, IL 60623",,,,,United States,41.843871,-87.732119,City Vehicle Stickers: P/LP/S/ST,Addional $5.50 Service Fee,,,Please call for hours,773-542-4866,,
,Azteca 3 New 39th And Kedzie C E,"3901 S. Kedzie Ave Chicago, IL 60632",,,,,United States,41.822335,-87.704165,City Vehicle Stickers: P/LP/S/ST,Addional $5.50 Service Fee,,,Please call for hours,773-847-5600,,
,Bellwood CE,"601 Mannheim Road Bellwood, IL 60104",,,,,United States,41.881248,-87.882864,City Vehicle Stickers: P/LP/S/ST,Addional $5.50 Service Fee,,,Please call for hours,708-547-6996,,
,Belmont Cicero C E,"3200 N. Cicero Ave Chicago, IL 60641",,,,,United States,41.939059,-87.747251,City Vehicle Stickers: P/LP/S/ST,Addional $5.50 Service Fee,,,Please call for hours,773-736-0118,,
,Bridgeview C E,"8725-27 S. Harlem Ave. Bridgeview, IL 60455",,,,,United States,41.7310038,-87.7989165,City Vehicle Stickers: P/LP/S/ST,Addional $5.50 Service Fee,,,Please call for hours,708-598-3525,,
,Broadway Foster C E,"5153 N. Broadway St Chicago, IL 60640",,,,,United States,41.9757863,-87.6598488,City Vehicle Stickers: P/LP/S/ST,Addional $5.50 Service Fee,,,Please call for hours,773-561-3136,,
,Broadway Irving Check Changes C E,"3959 N. Broadway St Chicago, IL 60613",,,,,United States,41.9546423,-87.6502404,City Vehicle Stickers: P/LP/S/ST,Addional $5.50 Service Fee,,,Please call for hours,773-537-2100,,
,Buckeye Check Cashing / Fast Cash 369,"1113 W. Chicago Ave,Chicago, IL 60642",,,,,United States,41.896038,-87.65576,City Vehicle Stickers: P/LP/S/ST,Addional $5.50 Service Fee,,,Please call for hours,312-850-9999,,
,Buckeye Check Cashing / Fast Cash 370,"1238 N. Ashland Ave,Chicago, IL 60622",,,,,United States,41.9048851,-87.6678643,City Vehicle Stickers: P/LP/S/ST,Addional $5.50 Service Fee,,,Please call for hours,773-235-5500,,
,Buckeye Check Cashing / Fast Cash 373,"4705 N. Pulaski, Chicago,IL 60630",,,,,United States,41.9665226,-87.7279573,City Vehicle Stickers: P/LP/S/ST,Addional $5.50 Service Fee,,,Please call for hours,773-279-1880,,
,Buckeye Check Cashing / Fast Cash 374,"1916 E. 95th St,Chicago, IL 60617",,,,,United States,41.7224533,-87.5766233,City Vehicle Stickers: P/LP/S/ST,Addional $5.50 Service Fee,,,Please call for hours,773-731-7170,,
,Buckeye Check Cashing / Fast Cash 376,"4853 N. Broadway,Chicago,IL 60640",,,,,United States,41.9702222,-87.6589357,City Vehicle Stickers: P/LP/S/ST,Addional $5.50 Service Fee,,,Please call for hours,773-271-3595,,
,Centex C E,"1660 Greenleaf Ave Elk Grove Village, IL 60007",,,,,United States,42.0040149,-87.9607749,City Vehicle Stickers: P/LP/S/ST,Addional $5.50 Service Fee,,,Please call for hours,847-981-0405,,
,Central Evanston C E,"2608 Prairie Ave Evanston, IL 60201",,,,,United States,42.0645613,-87.7000787,City Vehicle Stickers: P/LP/S/ST,Addional $5.50 Service Fee,,,Please call for hours,847-328-7970,,
,Cermak And Laramie C E,"5140 W. Cermak Rd Cicero, IL 60804",,,,,United States,41.8512124,-87.7532318,City Vehicle Stickers: P/LP/S/ST,Addional $5.50 Service Fee,,,Please call for hours,708-652-0758,,
,Cermak Wabash,"2109 S. Wabash Ave Chicago, IL 60616",,,,,United States,41.853926,-87.625128,City Vehicle Stickers: P/LP/S/ST,Addional $5.50 Service Fee,,,Please call for hours,312-842-4910,,
,Chicago Municipal Employees C U,"18 S. Michigan Ave Ste#1000 Chicago IL, 60603",,,,,United States,41.88145,-87.6246817,City Vehicle Stickers: P/LP/S/ST,Addional $5.50 Service Fee,,,Please call for hours,312-372-6930,,
,Chicago Municipal Employees C U Division,"4909 W. Divison St Chicago, IL 60651",,,,,United States,41.9022957,-87.7492575,City Vehicle Stickers: P/LP/S/ST,Addional $5.50 Service Fee,,,Please call for hours,312-236-2326,,
,Chicago Ridge C E,"10405 S. Ridgeland Ave Chicago Ridge, IL 60415",,,,,United States,41.7031005,-87.7792453,City Vehicle Stickers: P/LP/S/ST,Addional $5.50 Service Fee,,,Please call for hours,708-499-2790,,
,Clark Diversey C E,"2735 N. Clark St Chicago, IL 60614",,,,,United States,41.9323966,-87.6445822,City Vehicle Stickers: P/LP/S/ST,Addional $5.50 Service Fee,,,Please call for hours,773-348-5474,,
,Clearing C E,"6401 S. Central Ave Chicago, IL 60638",,,,,United States,41.776044,-87.761265,City Vehicle Stickers: P/LP/S/ST,Addional $5.50 Service Fee,,,Please call for hours,773-767-0022,,
,Community Savings Bank,"4801 W.Belmont Ave. Chicago IL, 60641",,,,,United States,41.9387124,-87.747146,City Vehicle Stickers: P/LP/S/ST,Addional $5.50 Service Fee,,,Please call for hours,773-685-5300,,
,Connolly C E Inc,"558 W. 37th St Chicago, IL 60609",,,,,United States,41.8272805,-87.6410067,City Vehicle Stickers: P/LP/S/ST,Addional $5.50 Service Fee,,,Please call for hours,773-373-7210,,
,Cottage 47th C E,"4638 S. Cottage Grove Ave Chicago, IL 60653",,,,,United States,41.810154,-87.606977,City Vehicle Stickers: P/LP/S/ST,Addional $5.50 Service Fee,,,Please call for hours,773-624-3600,,
,Cottage Grove  93rd C E Inc,"9301 S. Cottage Grove Ave Chicago, IL 60619",,,,,United States,41.725552,-87.60414,City Vehicle Stickers: P/LP/S/ST,Addional $5.50 Service Fee,,,Please call for hours,773-723-7020,,
,Crestwood C E,"13142 S. Cicero Ave Crestwood, IL 60445",,,,,United States,41.6524272,-87.7390225,City Vehicle Stickers: P/LP/S/ST,Addional $5.50 Service Fee,,,Please call for hours,708-385-4757,,
,Currency Exchange Of South Holland,"1052 E. 162nd St South Holland, IL 60473",,,,,United States,41.600829,-87.591504,City Vehicle Stickers: P/LP/S/ST,Addional $5.50 Service Fee,,,Please call for hours,708-596-7171,,
,Dempster Landings C E,"2606 E. Dempster St Park Ridge, IL 60068",,,,,United States,42.039551,-87.8589367,City Vehicle Stickers: P/LP/S/ST,Addional $5.50 Service Fee,,,Please call for hours,847-544-7800,,
,Diversey Southport C E,"1356 W. Diversey Pkwy Chicago, IL 60614",,,,,United States,41.932618,-87.6633735,City Vehicle Stickers: P/LP/S/ST,Addional $5.50 Service Fee,,,Please call for hours,773-248-6224,,
,Division Clark C E,"113 W. Division St Chicago, IL 60610",,,,,United States,41.9037818,-87.632119,City Vehicle Stickers: P/LP/S/ST,Addional $5.50 Service Fee,,,Please call for hours,312-642-5580,,
,E L S Titles,"200 E. Howard Ave Suite 216, Des Plaines, IL 60018",,,,,United States,42.016492,-87.916467,City Vehicle Stickers: P/LP/S/ST,Addional $5.50 Service Fee,,,Please call for hours,312-281-5600,,
,East Side C E,"10108 S. Ewing Ave Chicago, IL 60617",,,,,United States,41.7116092,-87.5352946,City Vehicle Stickers: P/LP/S/ST,Addional $5.50 Service Fee,,,Please call for hours,773-375-2398,,
,Economy C E,"721 W. Armitage Ave Chicago, IL 60614",,,,,United States,41.918054,-87.64699,City Vehicle Stickers: P/LP/S/ST,Addional $5.50 Service Fee,,,Please call for hours,312-266-8040,,
,Elmwood Park C E,"7300 W. Grand Ave Elmwood Park, IL 60707",,,,,United States,41.924672,-87.808893,City Vehicle Stickers: P/LP/S/ST,Addional $5.50 Service Fee,,,Please call for hours,708-453-7234,,
,First Eagle Bank  Chicago Branch,"1201 W. Madison St Chicago, IL 60607",,,,,United States,41.881329,-87.657437,City Vehicle Stickers: P/LP/S/ST,Addional $5.50 Service Fee,,,Please call for hours,630-893-3800,,
,Foster Park C E Inc,"8259 S. Ashland Ave Chicago, IL 60620",,,,,United States,41.743249,-87.6628659,City Vehicle Stickers: P/LP/S/ST,Addional $5.50 Service Fee,,,Please call for hours,773-723-7500,,
,Fullerton Cicero C E,"4749 W. Fullerton Ave Chicago, IL 60639",,,,,United States,41.9241778,-87.7455142,City Vehicle Stickers: P/LP/S/ST,Addional $5.50 Service Fee,,,Please call for hours,773-237-8777,,
,Gallardo One Stop Services,"5306 S. Pulaski Rd Chicago, IL 60632",,,,,United States,41.7968016,-87.7235003,City Vehicle Stickers: P/LP/S/ST,Addional $5.50 Service Fee,,,Please call for hours,773-582-8840,,
,Garfield Ashland CE,"5508 South Ashland, Chicago, IL 60636",,,,,United States,41.793275,-87.6647271,City Vehicle Stickers: P/LP/S/ST,Addional $5.50 Service Fee,,,Please call for hours,773-424-3388,,
,Garfield Dan Ryan C E,"148 W. Garfield Blvd Chicago, IL 60609",,,,,United States,41.7951379,-87.6298379,City Vehicle Stickers: P/LP/S/ST,Addional $5.50 Service Fee,,,Please call for hours,773-268-8400,,
,Garfield Halsted C E,"756 W. Garfield Blvd. Chicago, IL 60609",,,,,United States,41.7943358,-87.6444728,City Vehicle Stickers: P/LP/S/ST,Addional $5.50 Service Fee,,,Please call for hours,773-597-1000,,
,Garfield Park C E,"2848 W.Madison Chicago IL, 60612",,,,,United States,41.881067,-87.6977051,City Vehicle Stickers: P/LP/S/ST,Addional $5.50 Service Fee,,,Please call for hours,773-722-2211,,
,Grand Plaza C E,"2633 Mannheim Rd Franklin Park, IL 60131",,,,,United States,41.927079,-87.884025,City Vehicle Stickers: P/LP/S/ST,Addional $5.50 Service Fee,,,Please call for hours,847-455-5667,,
,Grand York C E,"101 W. Grand Ave Bensenville, IL 60106",,,,,United States,41.9313109,-87.9420777,City Vehicle Stickers: P/LP/S/ST,Addional $5.50 Service Fee,,,Please call for hours,630-595-0777,,
,Granville And Broadway C E D,"6165 N. Broadway St Chicago, IL 60660",,,,,United States,41.9940893,-87.6603955,City Vehicle Stickers: P/LP/S/ST,Addional $5.50 Service Fee,,,Please call for hours,773-262-2351,,
,Great Lakes C E Inc,"832 W. Fullerton Ave Chicago, IL 60614",,,,,United States,41.9256568,-87.6501481,City Vehicle Stickers: P/LP/S/ST,Addional $5.50 Service Fee,,,Please call for hours,773-549-0340,,
,Halsted And 119th C E,"11932 S. Halsted St Chicago, IL 60628",,,,,United States,41.676808,-87.642253,City Vehicle Stickers: P/LP/S/ST,Addional $5.50 Service Fee,,,Please call for hours,773-785-3141,,
,Halsted And 69th C E Inc,"6903 S. Halsted St Chicago, IL 60621",,,,,United States,41.7686961,-87.6444955,City Vehicle Stickers: P/LP/S/ST,Addional $5.50 Service Fee,,,Please call for hours,773-224-5459,,
,Harlem And Archer C E,"5739 S. Harlem Ave Chicago, IL 60638",,,,,United States,41.7872266,-87.8009964,City Vehicle Stickers: P/LP/S/ST,Addional $5.50 Service Fee,,,Please call for hours,773-586-2134,,
,Harlem And Milwaukee C E,"7519 N. Milwaukee Ave Niles, IL 60714",,,,,United States,42.017756,-87.806079,City Vehicle Stickers: P/LP/S/ST,Addional $5.50 Service Fee,,,Please call for hours,847-647-8366,,
,Harlem And Roosevelt C E,"7207 Roosevelt Rd Forest Park, IL 60130",,,,,United States,41.865277,-87.804701,City Vehicle Stickers: P/LP/S/ST,Addional $5.50 Service Fee,,,Please call for hours,708-771-5540,,
,Harlem Irving C E,"4106 N. Harlem Ave. Norridge IL,  60706",,,,,United States,41.9539303,-87.8073577,City Vehicle Stickers: P/LP/S/ST,Addional $5.50 Service Fee,,,Please call for hours,708-453-6640,,
,Harrison Kedzie C E,"725 S. Kedzie Ave Chicago, IL 60612",,,,,United States,41.872017,-87.705472,City Vehicle Stickers: P/LP/S/ST,Addional $5.50 Service Fee,,,Please call for hours,773-722-2658,,
,Hegewisch C E Inc,"13412 S. Brandon Ave Chicago, IL 60633",,,,,United States,41.651375,-87.546271,City Vehicle Stickers: P/LP/S/ST,Addional $5.50 Service Fee,,,Please call for hours,773-646-0555,,
,Hispana Multiservices,"8307 S. Pulaski Rd. Chicago IL,  60652",,,,,United States,41.7419117,-87.7214751,City Vehicle Stickers: P/LP/S/ST,Addional $5.50 Service Fee,,,Please call for hours,773-582-5008,,
,Howard Western C E,"7537 N. Western Ave Chicago, IL 60645",,,,,United States,42.0184939,-87.689787,City Vehicle Stickers: P/LP/S/ST,Addional $5.50 Service Fee,,,Please call for hours,773-973-2800,,
,Hyde Park C E,"1371A E. 53rd St Chicago, IL 60615",,,,,United States,41.799196,-87.592341,City Vehicle Stickers: P/LP/S/ST,Addional $5.50 Service Fee,,,Please call for hours,773-752-5000,,
,Illinois Center C E,"100 W. Randolph St Chicago, IL 60601",,,,,United States,41.8848512,-87.6317268,City Vehicle Stickers: P/LP/S/ST,Addional $5.50 Service Fee,,,Please call for hours,312-236-4811,,
,Internetsuperstar,"6805 N. Sheridan Ave. Chicago, IL 60625",,,,,United States,42.0057745,-87.6607361,City Vehicle Stickers: P/LP/S/ST,Addional $5.50 Service Fee,,,Please call for hours,773-465-4616,,
,Irving Cicero C E,"4814 W. Irving Park Rd Chicago, IL 60641",,,,,United States,41.9534089,-87.7481334,City Vehicle Stickers: P/LP/S/ST,Addional $5.50 Service Fee,,,Please call for hours,773-286-4142,,
,Irving Elston C E,"3619-23 W. Irving Park Rd Chicago, IL 60618",,,,,United States,41.9537133,-87.7186969,City Vehicle Stickers: P/LP/S/ST,Addional $5.50 Service Fee,,,Please call for hours,773-463-5986,,
,Irving Ravenswood C E,"1821 W. Irving Park Rd Chicago, IL 60613",,,,,United States,41.9540571,-87.6752021,City Vehicle Stickers: P/LP/S/ST,Addional $5.50 Service Fee,,,Please call for hours,773-935-8716,,
,J P Casa De Cambio  12255,"12255 S. Western Ave. Blue Island IL,  60406",,,,,United States,,,City Vehicle Stickers: P/LP/S/ST,Addional $5.50 Service Fee,,,Please call for hours,708-389-7675,,
,J P Casa De Cambio  1638,"1638 W. Chicago Ave. Chicago IL,  60622",,,,,United States,41.8961727,-87.6688564,City Vehicle Stickers: P/LP/S/ST,Addional $5.50 Service Fee,,,Please call for hours,312-733-6657,,
,J P Casa De Cambio  1700,"1700 W. 47th St. Chicago IL,  60609",,,,,United States,41.8085855,-87.6674171,City Vehicle Stickers: P/LP/S/ST,Addional $5.50 Service Fee,,,Please call for hours,773-376-0332,,
,J P Casa De Cambio  2803,"2803 W. Cermak Rd. Chicago IL,  60623",,,,,United States,41.8516369,-87.695697,City Vehicle Stickers: P/LP/S/ST,Addional $5.50 Service Fee,,,Please call for hours,773-247-3287,,
,J P Casa De Cambio  2805,"2805 W. 55th St. Chicago, IL 60632",,,,,United States,41.7934259,-87.69403,City Vehicle Stickers: P/LP/S/ST,Addional $5.50 Service Fee,,,Please call for hours,773-737-9726,,
,J P Casa De Cambio  3404,"3404 W. 26th St. Chicago IL,  60623",,,,,United States,41.8444614,-87.7101343,City Vehicle Stickers: P/LP/S/ST,Addional $5.50 Service Fee,,,Please call for hours,773-762-0004,,
,J P Casa De Cambio  3645,3645 E. 106th St. Chicago IL 60617,,,,,United States,41.7027038,-87.5347282,City Vehicle Stickers: P/LP/S/ST,Addional $5.50 Service Fee,,,Please call for hours,773-768-3137,,
,J P Casa De Cambio  3924,"3924 W. 26th St. Chicago IL,  60623",,,,,United States,41.8442854,-87.7231048,City Vehicle Stickers: P/LP/S/ST,Addional $5.50 Service Fee,,,Please call for hours,773-257-0196,,
,J P Casa De Cambio  5049,"5049 W. Fullerton Ave. Chicago IL,  60639",,,,,United States,41.9240154,-87.7530651,City Vehicle Stickers: P/LP/S/ST,Addional $5.50 Service Fee,,,Please call for hours,773-637-6026,,
,J P Casa De Cambio  6728,"6728 N. Clark St. Chicago IL,  60626",,,,,United States,42.0043204,-87.6727592,City Vehicle Stickers: P/LP/S/ST,Addional $5.50 Service Fee,,,Please call for hours,773-465-4498,,
,J P Casa De Cambio  7060,"7060 N. Clark St. Chicago IL,  60626",,,,,United States,42.010814,-87.674665,City Vehicle Stickers: P/LP/S/ST,Addional $5.50 Service Fee,,,Please call for hours,773-764-9872,,
,J P Currency,"3958 W. Jackson Blvd Chicago, IL 60624",,,,,United States,41.8771081,-87.7253417,City Vehicle Stickers: P/LP/S/ST,Addional $5.50 Service Fee,,,Please call for hours,773-638-1178,,
,Jackson State C E,"16 W. Jackson Blvd Chicago, IL 60604",,,,,United States,41.878391,-87.628348,City Vehicle Stickers: P/LP/S/ST,Addional $5.50 Service Fee,,,Please call for hours,312-939-1088,,
,Jarvis Greenview C E,"7358 N. Greenview Ave Chicago, IL 60626",,,,,United States,42.0153221,-87.6681562,City Vehicle Stickers: P/LP/S/ST,Addional $5.50 Service Fee,,,Please call for hours,773-381-1600,,
,Jewel Osco 2500 Canal Street,"1340 S Canal Street Chicago, IL  60607",,,,,United States,41.8648652,-87.639266,City Vehicle Stickers: P/LP/S/ST,Addional $5.50 Service Fee,,,Please call for hours,312-850-3915,,
,Jewel Osco 2501 Glenview,"1340 Patriot Blvd  Glenview, IL  60025",,,,,United States,42.078528,-87.818797,City Vehicle Stickers: P/LP/S/ST,Addional $5.50 Service Fee,,,Please call for hours,847-657-3124,,
,Jewel Osco 2502 Clybourn,"2550 N Clybourn Ave  Chicago, IL  60614",,,,,United States,41.9276286,-87.6745172,City Vehicle Stickers: P/LP/S/ST,Addional $5.50 Service Fee,,,Please call for hours,773-935-5777,,
,Jewel Osco 2503 Homer Glen,"14200 South Bell Road  Homer Glen, IL  60491",,,,,United States,41.6303163,-87.9311791,City Vehicle Stickers: P/LP/S/ST,Addional $5.50 Service Fee,,,Please call for hours,708-301-3418,,
,Justice C E,"8009 W. 79th St Justice, IL 60458",,,,,United States,41.7475367,-87.8215649,City Vehicle Stickers: P/LP/S/ST,Addional $5.50 Service Fee,,,Please call for hours,708-496-1500,,
,Kedzie And Lawrence C E,"4752 N. Kedzie Ave Chicago, IL 60625",,,,,United States,41.9682911,-87.7088144,City Vehicle Stickers: P/LP/S/ST,Addional $5.50 Service Fee,,,Please call for hours,773-539-9561,,
,Kedzie Irving 24 Hr C E Inc,"3158 W. Irving Park Rd Chicago, IL 60618",,,,,United States,41.9541058,-87.7078447,City Vehicle Stickers: P/LP/S/ST,Addional $5.50 Service Fee,,,Please call for hours,773-539-8991,,
,Kedzie Ogden C E,"3160 W. Ogden Ave Chicago, IL 60623",,,,,United States,41.8546459,-87.7141523,City Vehicle Stickers: P/LP/S/ST,Addional $5.50 Service Fee,,,Please call for hours,773-762-5873,,
,Kimball And North C E,"3401 W. North Ave Chicago, IL 60647",,,,,United States,41.909783,-87.712154,City Vehicle Stickers: P/LP/S/ST,Addional $5.50 Service Fee,,,Please call for hours,773-772-2188,,
,Kimball Lawrence C E Inc,"3421 W. Lawrence Ave Chicago, IL 60625",,,,,United States,41.9683887,-87.7142805,City Vehicle Stickers: P/LP/S/ST,Addional $5.50 Service Fee,,,Please call for hours,773-267-4600,,
,Lake Bluff C E Inc,"1251 Skokie Hwy Unit E Lake Bluff, IL 60044",,,,,United States,42.3029328,-87.8751186,City Vehicle Stickers: P/LP/S/ST,Addional $5.50 Service Fee,,,Please call for hours,847-473-2432,,
,Lake Cook Road C E,"1041 E. Lake Cook Rd Wheeling, IL 60090",,,,,United States,42.1530888,-87.9415439,City Vehicle Stickers: P/LP/S/ST,Addional $5.50 Service Fee,,,Please call for hours,847-520-2929,,
,Lansing 24 Hr C E Inc,"17250 S. Torrence Ave Lansing, IL 60438",,,,,United States,41.5814042,-87.5591124,City Vehicle Stickers: P/LP/S/ST,Addional $5.50 Service Fee,,,Please call for hours,708-895-7887,,
,Lasalle Chicago 24 Hr C E Inc,"777 N. LaSalle St Chicago, IL 60610",,,,,United States,41.896452,-87.6324329,City Vehicle Stickers: P/LP/S/ST,Addional $5.50 Service Fee,,,Please call for hours,312-642-0220,,
,Lawrence Ashland C E,"1620 W. Lawrence Ave Chicago, IL 60640",,,,,United States,41.969168,-87.670376,City Vehicle Stickers: P/LP/S/ST,Addional $5.50 Service Fee,,,Please call for hours,773-275-1585,,
,Lawrence Cumberland C E Inc,"4821 N. Cumberland Ave Norridge, IL 60706",,,,,United States,41.9670614,-87.8364529,City Vehicle Stickers: P/LP/S/ST,Addional $5.50 Service Fee,,,Please call for hours,708-456-7404,,
,Lawrence Sheridan C E Inc,"4812 N. Sheridan Rd Chicago, IL 60640",,,,,United States,41.9695357,-87.654835,City Vehicle Stickers: P/LP/S/ST,Addional $5.50 Service Fee,,,Please call for hours,773-561-2774,,
,Lee Street C E,1528 S. Lee St Desplaines IL 60018,,,,,United States,42.0266534,-87.8944193,City Vehicle Stickers: P/LP/S/ST,Addional $5.50 Service Fee,,,Please call for hours,847-299-3730,,
,Loop Currency Exchange,"205 W. Randolph St Chicago, IL 60606",,,,,United States,41.8842457,-87.6341702,City Vehicle Stickers: P/LP/S/ST,Addional $5.50 Service Fee,,,Please call for hours,312-372-7748,,
,Madison And Pulaski C E,"3938 W. Madison St Chicago, IL 60624",,,,,United States,41.881057,-87.724698,City Vehicle Stickers: P/LP/S/ST,Addional $5.50 Service Fee,,,Please call for hours,773-722-6100,,
,Madison Austin C E,"2 W. Madison St Oak Park, IL 60302",,,,,United States,41.880425,-87.774861,City Vehicle Stickers: P/LP/S/ST,Addional $5.50 Service Fee,,,Please call for hours,708-386-0573,,
,Madison Harlem C E,"1147 W. Madison St Oak Park, IL 60304",,,,,United States,41.879617,-87.8037814,City Vehicle Stickers: P/LP/S/ST,Addional $5.50 Service Fee,,,Please call for hours,708-366-2885,,
,Madison Laramie C E,"5146 W. Madison St Chicago, IL 60644",,,,,United States,41.880421,-87.7544001,City Vehicle Stickers: P/LP/S/ST,Addional $5.50 Service Fee,,,Please call for hours,773-261-0340,,
,Mannheim And Touhy C E,"7068 N. Mannheim Rd Rosemont, IL 60018",,,,,United States,42.0067622,-87.8849888,City Vehicle Stickers: P/LP/S/ST,Addional $5.50 Service Fee,,,Please call for hours,847-824-1211,,
,Marias State Client Services,"4425 W. Fullerton Ave Chicago, IL 60639",,,,,United States,41.9241743,-87.7376008,City Vehicle Stickers: P/LP/S/ST,Addional $5.50 Service Fee,,,Please call for hours,773-252-3311,,
,Melrose Park C E Inc,"1380 Winston Plaza Dr Melrose Park, IL 60160",,,,,United States,41.9005865,-87.8567276,City Vehicle Stickers: P/LP/S/ST,Addional $5.50 Service Fee,,,Please call for hours,708-681-3030,,
,Melrose Village C E,"2225 W. North Ave Unit J Melrose Park, IL 60160",,,,,United States,41.9087617,-87.861323,City Vehicle Stickers: P/LP/S/ST,Addional $5.50 Service Fee,,,Please call for hours,708-345-3345,,
,Mid City C E,"3565 W. Armitage Ave Chicago, IL 60647",,,,,United States,41.9169989,-87.716054,City Vehicle Stickers: P/LP/S/ST,Addional $5.50 Service Fee,,,Please call for hours,773-342-5643,,
,Milwaukee California C E Inc,"2301 N. Milwaukee Ave Chicago, IL 60647",,,,,United States,41.9229155,-87.6973692,City Vehicle Stickers: P/LP/S/ST,Addional $5.50 Service Fee,,,Please call for hours,773-772-2392,,
,Milwaukee Dundee C E,"70 S. Milwaukee Ave Wheeling, IL 60090",,,,,United States,42.1385505,-87.9071223,City Vehicle Stickers: P/LP/S/ST,Addional $5.50 Service Fee,,,Please call for hours,224-676-7600,,
,Montrose Kimball Financial Center,"3354 W. Montrose Chicago, IL 60618",,,,,United States,41.9612095,-87.7127544,City Vehicle Stickers: P/LP/S/ST,Addional $5.50 Service Fee,,,Please call for hours,773-478-6636,,
,Montrose Ravenswood C E,"1808 W. Montrose Ave Chicago, IL 60613",,,,,United States,41.9616116,-87.6749247,City Vehicle Stickers: P/LP/S/ST,Addional $5.50 Service Fee,,,Please call for hours,773-275-8288,,
,New 111th And Western C E,"11230 1/2 S. Western Ave Chicago, IL 60643",,,,,United States,41.688871,-87.681477,City Vehicle Stickers: P/LP/S/ST,Addional $5.50 Service Fee,,,Please call for hours,773-233-3610,,
,New 112th And Vincennes C E,"11207 S. Vincennes Ave Chicago, IL 60643",,,,,United States,41.6898079,-87.6647906,City Vehicle Stickers: P/LP/S/ST,Addional $5.50 Service Fee,,,Please call for hours,773-239-1700,,
,New 18th And Blue Island C E Inc,"1825 S. Blue Island Ave Chicago, IL 60608",,,,,United States,41.857053,-87.661509,City Vehicle Stickers: P/LP/S/ST,Addional $5.50 Service Fee,,,Please call for hours,312-666-9670,,
,New 31st And Kedzie C E,"3045 S. Kedzie Ave. Chicago, IL 60623",,,,,United States,41.837703,-87.704485,City Vehicle Stickers: P/LP/S/ST,Addional $5.50 Service Fee,,,Please call for hours,773-927-3655,,
,New 35th And Indiana C E Inc,"126 E. 35th St Chicago, IL 60616",,,,,United States,41.8310467,-87.6223517,City Vehicle Stickers: P/LP/S/ST,Addional $5.50 Service Fee,,,Please call for hours,312-225-6722,,
,New 47th And Lake Park C E,"1400 E. 47th St Unit H Chicago, IL 60653",,,,,United States,41.8096904,-87.5925059,City Vehicle Stickers: P/LP/S/ST,Addional $5.50 Service Fee,,,Please call for hours,773-536-6231,,
,New 71st And Indiana C E,"201 E. 71st St Chicago, IL 60619",,,,,United States,41.7654376,-87.6197676,City Vehicle Stickers: P/LP/S/ST,Addional $5.50 Service Fee,,,Please call for hours,773-224-4445,,
,New 75th And Cottage C E,"801 E. 75th St Chicago, IL 60619",,,,,United States,41.758381,-87.604994,City Vehicle Stickers: P/LP/S/ST,Addional $5.50 Service Fee,,,Please call for hours,773-783-4300,,
,New 75th And Exchange C E Inc,"2640 E. 75th St Chicago, IL 60649",,,,,United States,41.759359,-87.560093,City Vehicle Stickers: P/LP/S/ST,Addional $5.50 Service Fee,,,Please call for hours,773-721-8400,,
,New 79th And Jeffery C E,"1955 E. 79th St Chicago, IL 60649",,,,,United States,41.7515044,-87.576324,City Vehicle Stickers: P/LP/S/ST,Addional $5.50 Service Fee,,,Please call for hours,773-374-3206,,
,New 79th And Kedzie C E,"3247 W. 79th St Chicago, IL 60652",,,,,United States,41.749509,-87.704326,City Vehicle Stickers: P/LP/S/ST,Addional $5.50 Service Fee,,,Please call for hours,773-778-4844,,
,New 79th And Rhodes C E,"531 E. 79th St Chicago, IL 60619",,,,,United States,41.7510901,-87.6114073,City Vehicle Stickers: P/LP/S/ST,Addional $5.50 Service Fee,,,Please call for hours,773-224-7777,,
,New 87th And Stony Island Ave C E,"8625 S. Stony Island Ave Chicago, IL 60617",,,,,United States,41.737967,-87.58487,City Vehicle Stickers: P/LP/S/ST,Addional $5.50 Service Fee,,,Please call for hours,773-374-2900,,
,New 95th And Jeffrey C E,"1947 E. 95th St Chicago, IL 60617",,,,,United States,41.722128,-87.5763939,City Vehicle Stickers: P/LP/S/ST,Addional $5.50 Service Fee,,,Please call for hours,773-221-4632,,
,New Alsip C E,"11527 S. Pulaski Rd Alsip, IL 60803",,,,,United States,41.6828485,-87.7199895,City Vehicle Stickers: P/LP/S/ST,Addional $5.50 Service Fee,,,Please call for hours,708-389-5802,,
,New Archer Halsted C E,"2514 S. Halsted St Chicago, IL 60608",,,,,United States,41.8467446,-87.6466673,City Vehicle Stickers: P/LP/S/ST,Addional $5.50 Service Fee,,,Please call for hours,312-842-0233,,
,New Archer Nash C E,"6611 W. Archer Ave Chicago, IL 60638",,,,,United States,41.792112,-87.7872283,City Vehicle Stickers: P/LP/S/ST,Addional $5.50 Service Fee,,,Please call for hours,773-586-2135,,
,New Blue Island C E,"12956 S. Western Ave Blue Island, IL 60406",,,,,United States,41.6391535,-87.6790755,City Vehicle Stickers: P/LP/S/ST,Addional $5.50 Service Fee,,,Please call for hours,708-388-0358,,
,New Brickyard C E,"2841 B N. Narragansett Ave Chicago, IL 60634",,,,,United States,41.9317741,-87.7855592,City Vehicle Stickers: P/LP/S/ST,Addional $5.50 Service Fee,,,Please call for hours,773-237-0999,,
,New Broadway Montrose C E,"1002 W. Montrose Ave Chicago, IL 60613",,,,,United States,41.9617972,-87.6548173,City Vehicle Stickers: P/LP/S/ST,Addional $5.50 Service Fee,,,Please call for hours,773-561-0560,,
,New Bryn Mawr C E,"5605 N. Broadway St Chicago, IL 60660",,,,,United States,41.9839421,-87.659896,City Vehicle Stickers: P/LP/S/ST,Addional $5.50 Service Fee,,,Please call for hours,773-784-3363,,
,New Calumet City C E,"592 Burnham Ave Calumet City, IL 60409",,,,,United States,41.618557,-87.539964,City Vehicle Stickers: P/LP/S/ST,Addional $5.50 Service Fee,,,Please call for hours,708-862-7934,,
,New Calumet City Sibley Boulevard C E,"1651 Sibley Blvd Calumet City, IL 60409",,,,,United States,41.6227524,-87.5652033,City Vehicle Stickers: P/LP/S/ST,Addional $5.50 Service Fee,,,Please call for hours,708-862-5115,,
,New Chicago Rush C E,"62 E. Chicago Ave Chicago, IL 60611",,,,,United States,41.896933,-87.625841,City Vehicle Stickers: P/LP/S/ST,Addional $5.50 Service Fee,,,Please call for hours,312-944-4643,,
,New Cottage And 87th C E,"816 E. 87th St Chicago, IL 60619",,,,,United States,41.7366975,-87.604106,City Vehicle Stickers: P/LP/S/ST,Addional $5.50 Service Fee,,,Please call for hours,773-483-7749,,
,New Damen Grand C E,"2003 W. Grand Ave Chicago, IL 60612",,,,,United States,41.890594,-87.677153,City Vehicle Stickers: P/LP/S/ST,Addional $5.50 Service Fee,,,Please call for hours,312-829-2460,,
,New Devon Central C E,"5429 W. Devon Ave Chicago, IL 60646",,,,,United States,41.9972763,-87.7646284,City Vehicle Stickers: P/LP/S/ST,Addional $5.50 Service Fee,,,Please call for hours,773-763-3183,,
,New Devon Mccormick,"3310 W. Devon Lincolnwood IL,  60712",,,,,United States,41.997601,-87.712397,City Vehicle Stickers: P/LP/S/ST,Addional $5.50 Service Fee,,,Please call for hours,847-673-3300,,
,New Dolton C E,"14200 Chicago Rd Dolton, IL 60419",,,,,United States,41.636957,-87.607816,City Vehicle Stickers: P/LP/S/ST,Addional $5.50 Service Fee,,,Please call for hours,708-849-5051,,
,New Fairfield C E,"2560 W. Cermak Rd Chicago, IL 60608",,,,,United States,41.852239,-87.690265,City Vehicle Stickers: P/LP/S/ST,Addional $5.50 Service Fee,,,Please call for hours,773-247-5888,,
,New Fullerton Central C E,"5546 W. Fullerton Ave Chicago, IL 60639",,,,,United States,41.9242661,-87.7654083,City Vehicle Stickers: P/LP/S/ST,Addional $5.50 Service Fee,,,Please call for hours,773-237-0332,,
,New Fullerton Kimball C E,"3408 W. Fullerton Ave Chicago, IL 60647",,,,,United States,41.9249719,-87.712387,City Vehicle Stickers: P/LP/S/ST,Addional $5.50 Service Fee,,,Please call for hours,773-772-6040,,
,New Glenview C E,"1633 Waukegan Rd Glenview, IL 60025",,,,,United States,42.0850326,-87.7982472,City Vehicle Stickers: P/LP/S/ST,Addional $5.50 Service Fee,,,Please call for hours,847-729-2552,,
,New Grand Ashland C E,"1601 W. Grand Ave Chicago, IL 60622",,,,,United States,41.8907481,-87.6672841,City Vehicle Stickers: P/LP/S/ST,Addional $5.50 Service Fee,,,Please call for hours,312-243-2066,,
,New Hawthorne C E,"5129 W. 31st St Cicero, IL 60804",,,,,United States,41.836262,-87.75342,City Vehicle Stickers: P/LP/S/ST,Addional $5.50 Service Fee,,,Please call for hours,708-656-2770,,
,New Irving And Narragansett C E,"6412 W. Irving Park Rd Chicago, IL 60634",,,,,United States,41.9529483,-87.7870489,City Vehicle Stickers: P/LP/S/ST,Addional $5.50 Service Fee,,,Please call for hours,773-725-9433,,
,New Kedzie Cermak C E,"2210 S. Kedzie Ave Chicago, IL 60623",,,,,United States,41.8513895,-87.7053776,City Vehicle Stickers: P/LP/S/ST,Addional $5.50 Service Fee,,,Please call for hours,773-277-2210,,
,New Kedzie Wilson C E,"4601 N. Kedzie Ave Chicago, IL 60625",,,,,United States,41.96494,-87.707992,City Vehicle Stickers: P/LP/S/ST,Addional $5.50 Service Fee,,,Please call for hours,773-583-3100,,
,New Laramie Lake C E,"5157 W. Lake St Chicago, IL 60644",,,,,United States,41.88721,-87.7550854,City Vehicle Stickers: P/LP/S/ST,Addional $5.50 Service Fee,,,Please call for hours,773-378-4700,,
,New Liberty,"10600 S. Ewing Ave Chicago, IL 60617",,,,,United States,41.7027033,-87.5352861,City Vehicle Stickers: P/LP/S/ST,Addional $5.50 Service Fee,,,Please call for hours,773-768-7145,,
,New Libertyville C E,"1002 N. Milwaukee Ave Libertyville, IL 60048",,,,,United States,42.2939663,-87.9554189,City Vehicle Stickers: P/LP/S/ST,Addional $5.50 Service Fee,,,Please call for hours,847-362-4000,,
,New Lincoln Addison C E,"1812 W. Addison St Chicago, IL 60613",,,,,United States,41.9470466,-87.6745086,City Vehicle Stickers: P/LP/S/ST,Addional $5.50 Service Fee,,,Please call for hours,773-477-3790,,
,New Matteson 24hr C E Inc,"4453 W. Lincoln Hwy Matteson, IL 60443",,,,,United States,41.5061408,-87.7740366,City Vehicle Stickers: P/LP/S/ST,Addional $5.50 Service Fee,,,Please call for hours,708-481-8720,,
,New Milwaukee Ballard C E,"9107 N. Milwaukee Ave Niles, IL 60714",,,,,United States,42.0462897,-87.831071,City Vehicle Stickers: P/LP/S/ST,Addional $5.50 Service Fee,,,Please call for hours,847-966-6440,,
,New Milwaukee Kimball C E,"2814 N. Milwaukee Ave Chicago, IL 60618",,,,,United States,41.932223,-87.713065,City Vehicle Stickers: P/LP/S/ST,Addional $5.50 Service Fee,,,Please call for hours,773-227-1477,,
,New North And Austin C E,"5953 W. North Ave. Chicago, IL 60639",,,,,United States,41.909182,-87.7750432,City Vehicle Stickers: P/LP/S/ST,Addional $5.50 Service Fee,,,Please call for hours,773-889-8388,,
,New Oakton Rt 83 C E,"1505 A Elmhurst Rd Des Plaines, IL 60018",,,,,United States,42.024349,-87.939942,City Vehicle Stickers: P/LP/S/ST,Addional $5.50 Service Fee,,,Please call for hours,847-593-0005,,
,New Ogden Milwaukee C E Inc,"800 N. Milwaukee Ave Chicago, IL 60622",,,,,United States,41.8963597,-87.6560896,City Vehicle Stickers: P/LP/S/ST,Addional $5.50 Service Fee,,,Please call for hours,312-666-0988,,
,New Pulaski Diversey C E,"2739 N. Pulaski Rd Chicago, IL 60639",,,,,United States,41.931149,-87.726603,City Vehicle Stickers: P/LP/S/ST,Addional $5.50 Service Fee,,,Please call for hours,773-252-1267,,
,New Pulaski Fullerton C E,"4001 W. Fullerton Ave Chicago, IL 60639",,,,,United States,41.9244433,-87.7267902,City Vehicle Stickers: P/LP/S/ST,Addional $5.50 Service Fee,,,Please call for hours,773-772-0638,,
,New South Chicago C E,"3007 E. 92nd St Chicago, IL 60617",,,,,United States,41.7282235,-87.5508154,City Vehicle Stickers: P/LP/S/ST,Addional $5.50 Service Fee,,,Please call for hours,773-734-0044,,
,New Washington Sheridan Latino,"126 Washington St. Waukegan IL,  60085",,,,,United States,42.3596809,-87.8308087,City Vehicle Stickers: P/LP/S/ST,Addional $5.50 Service Fee,,,Please call for hours,847-662-0670,,
,North And Pulaski C E Inc,"4009 W. North Ave Chicago, IL 60639",,,,,United States,41.909585,-87.726926,City Vehicle Stickers: P/LP/S/ST,Addional $5.50 Service Fee,,,Please call for hours,773-772-6100,,
,North Avenue And Route 83 C E,"683 W. North Ave Elmhurst, IL 60126",,,,,United States,41.9058519,-87.9656863,City Vehicle Stickers: P/LP/S/ST,Addional $5.50 Service Fee,,,Please call for hours,630-279-2110,,
,Northbrook Check Cashers,"2750 Dundee Rd Northbrook, IL 60062",,,,,United States,42.1383975,-87.8477334,City Vehicle Stickers: P/LP/S/ST,Addional $5.50 Service Fee,,,Please call for hours,847-272-6500,,
,Northcenter C E,"4101 N. Lincoln Ave Chicago, IL 60618",,,,,United States,41.9560941,-87.6799637,City Vehicle Stickers: P/LP/S/ST,Addional $5.50 Service Fee,,,Please call for hours,773-549-5000,,
,Northwest Insurance  26th Street,"3416 W. 26TH St. Chicago IL,  60623",,,,,United States,41.844532,-87.7106833,City Vehicle Stickers: P/LP/S/ST,Addional $5.50 Service Fee,,,Please call for hours,773-542-5780,,
,Northwest Insurance  47th Street,"1658 W. 47TH St. Chicago IL,  60609",,,,,United States,41.8086866,-87.6671673,City Vehicle Stickers: P/LP/S/ST,Addional $5.50 Service Fee,,,Please call for hours,773-733-7065,,
,Northwest Insurance  Cicero,"6100 W. Cermak Cicero IL,  60804",,,,,United States,41.851177,-87.776552,City Vehicle Stickers: P/LP/S/ST,Addional $5.50 Service Fee,,,Please call for hours,708-780-8650,,
,Northwest Insurance  Commercial,"9001 S. Commercial Chicago IL,  60617",,,,,United States,41.731716,-87.550878,City Vehicle Stickers: P/LP/S/ST,Addional $5.50 Service Fee,,,Please call for hours,773-336-3600,,
,Northwest Insurance  Corporate,"330 S. Wells STE 1600 Chicago IL,  60606",,,,,United States,41.8771094,-87.6338518,City Vehicle Stickers: P/LP/S/ST,Addional $5.50 Service Fee,,,Please call for hours,312-427-1777,,
,Northwest Insurance  Fullerton,"6060 W. Fullerton Chicago IL,  60639",,,,,United States,41.924074,-87.777929,City Vehicle Stickers: P/LP/S/ST,Addional $5.50 Service Fee,,,Please call for hours,773-622-5574,,
,Northwest Insurance  Pulaski,"5945 S. Pulaski Chicago IL,  60629",,,,,United States,41.7848109,-87.7228629,City Vehicle Stickers: P/LP/S/ST,Addional $5.50 Service Fee,,,Please call for hours,773-284-7474,,
,Northwest Insurance  Stone Park,"1681B N. Mannheim Rd. Stone Park IL,  60165",,,,,United States,41.903017,-87.883338,City Vehicle Stickers: P/LP/S/ST,Addional $5.50 Service Fee,,,Please call for hours,708-223-1810,,
,Northwest Insurance  Western,"4450 N. Western Chicago IL,  60625",,,,,United States,41.962797,-87.68908,City Vehicle Stickers: P/LP/S/ST,Addional $5.50 Service Fee,,,Please call for hours,773-433-3300,,
,Oak Park And Belmont C E,"6756 W. Belmont Ave Chicago, IL 60634",,,,,United States,41.9381748,-87.7954332,City Vehicle Stickers: P/LP/S/ST,Addional $5.50 Service Fee,,,Please call for hours,773-427-5690,,
,Order Express 002,"1421 W. 18th St. Chicago, IL 60608",,,,,United States,41.8578374,-87.6622497,City Vehicle Stickers: P/LP/S/ST,Addional $5.50 Service Fee,,,Please call for hours,312-243-5186,,
,Order Express 003,"5831 S. Kedzie Ave. Chicago, IL 60629",,,,,United States,41.7872823,-87.7033313,City Vehicle Stickers: P/LP/S/ST,Addional $5.50 Service Fee,,,Please call for hours,773-737-9656,,
,Order Express 008,"3340 W. Lawrence Ave. Chicago, IL 60625",,,,,United States,41.9684549,-87.7125826,City Vehicle Stickers: P/LP/S/ST,Addional $5.50 Service Fee,,,Please call for hours,773-588-5634,,
,Chicago Department of Finance Office,400 W. Superior St,,Chicago,IL,60654,United States,41.8957664,-87.6391959,City Vehicle Stickers: P/LP/S/ST,,,,Mon - Fri: 8am - 4:30pm&lt;br /&gt;Sat: 8am - 3:30pm&lt;br /&gt;Sun: Closed,Phone number not available,,
,Chicago Department of Finance Office,2550 W. Addison St,,Chicago,IL,60618,United States,41.947353,-87.692659,City Vehicle Stickers: P/LP/S/ST,,,,Mon - Fri: 8am - 6:30pm&lt;br /&gt;Sat: Closed&lt;br /&gt;Sun: Closed,Phone number not available,,
,Chicago Department of Finance Office,2006 E. 95th St,,Chicago,IL,60617,United States,41.7229009,-87.5750119,City Vehicle Stickers: P/LP/S/ST,,,,Mon - Fri: 8am - 6:30pm&lt;br /&gt;Sat: Closed&lt;br /&gt;Sun: Closed,Phone number not available,,
,Chicago Department of Finance Office,4770 S. Kedzie Blvd,,Chicago,IL,60632,United States,41.8060391,-87.7054029,City Vehicle Stickers: P/LP/S/ST,,,,Mon - Fri: 8am - 6:30pm&lt;br /&gt;Sat: Closed&lt;br /&gt;Sun: Closed,Phone number not available,,
,Office of the City Clerk&#44; Archer,5674 S. Archer Ave,,Chicago,IL,60638,United States,41.7974482,-87.7529726,City Vehicle Stickers: P/LP/S/ST&#44; Large Truck Vehicle Stickers: LT&#44; Antique Vehicle Tags&#44; Motorcycle Tags&#44; Transfer or Replacement Stickers&#44; Daily Residential Parking Permits,,,,Mon - Fri: 9am - 5pm&lt;br /&gt;&lt;a href=http://chicityclerk.com/office-info/office-locations/&quot; target=&quot;&quot;_blank&quot;&quot;&gt;View Special Saturday/Sunday Hours&lt;/a&gt;&quot;&quot;&quot;,312-745-1100,,
,Western Elston C E Inc,"2802 N. Western Ave Chicago, IL 60618",,,,,United States,41.9328149,-87.6883476,City Vehicle Stickers: P/LP/S/ST,Addional $5.50 Service Fee,,,Please call for hours,773-384-3211,,
,Western 79th Check Cashers,"2417-1/2 W. 79th St Chicago, IL 60652",,,,,United States,41.7499959,-87.6836626,City Vehicle Stickers: P/LP/S/ST,Addional $5.50 Service Fee,,,Please call for hours,773-776-0435,,
,Wabash Adams C E Inc,"27 E. Adams St Chicago, IL 60603",,,,,United States,41.8794633,-87.6265602,City Vehicle Stickers: P/LP/S/ST,Addional $5.50 Service Fee,,,Please call for hours,312-922-3647,,
,Vincennes And 79th C E,"353 W. 79th St Chicago, IL 60620",,,,,United States,41.750774,-87.6334404,City Vehicle Stickers: P/LP/S/ST,Addional $5.50 Service Fee,,,Please call for hours,773-483-6735,,
,Vincennes And 75th C E,"250 W. 75th St Chicago, IL 60621",,,,,United States,41.7581441,-87.6314837,City Vehicle Stickers: P/LP/S/ST,Addional $5.50 Service Fee,,,Please call for hours,773-224-4600,,
,Villa Oaks C E,"133 W. Roosevelt Rd Villa Park, IL 60181",,,,,United States,41.859903,-87.981712,City Vehicle Stickers: P/LP/S/ST,Addional $5.50 Service Fee,,,Please call for hours,630-889-1802,,
,Vernon Hills C E Inc,"701 N. Milwaukee Ave Vernon Hills, IL 60061",,,,,United States,42.2390978,-87.9429547,City Vehicle Stickers: P/LP/S/ST,Addional $5.50 Service Fee,,,Please call for hours,847-816-1230,,
,Van Buren And Ashland C E,"1646 W. Van Buren St Chicago, IL 60612",,,,,United States,41.8763335,-87.6683634,City Vehicle Stickers: P/LP/S/ST,Addional $5.50 Service Fee,,,Please call for hours,312-226-3090,,
,Thatcher Woods C E Inc,"8263 W. Belmont Ave River Grove, IL 60171",,,,,United States,41.9375728,-87.832714,City Vehicle Stickers: P/LP/S/ST,Addional $5.50 Service Fee,,,Please call for hours,708-453-1120,,
,Suburban Bank And Trust Chicago Branch,"9901 S. Western Ave Chicago, IL 60643",,,,,United States,41.7134983,-87.6814476,City Vehicle Stickers: P/LP/S/ST,Addional $5.50 Service Fee,,,Please call for hours,773-987-3230,,
,Stony Island C E Inc,"6714 S. Stony Island Ave Chicago, IL 60649",,,,,United States,41.7730534,-87.5862914,City Vehicle Stickers: P/LP/S/ST,Addional $5.50 Service Fee,,,Please call for hours,773-363-0207,,
,Stone Park C E,"1625 N. Mannheim Rd Stone Park, IL 60165",,,,,United States,41.900818,-87.883296,City Vehicle Stickers: P/LP/S/ST,Addional $5.50 Service Fee,,,Please call for hours,708-345-3433,,
,State Bank Of Countryside,"3323 N. Clark St Chicago, IL 60657",,,,,United States,41.9423163,-87.6525812,City Vehicle Stickers: P/LP/S/ST,Addional $5.50 Service Fee,,,Please call for hours,773-755-2500,,
,Signature Bank Wacker Dr,"191 N. Wacker Chicago, IL 60606",,,,,United States,41.8854,-87.6365,City Vehicle Stickers: P/LP/S/ST,Addional $5.50 Service Fee,,,Please call for hours,312-506-3404,,
,Signature Bank Northwest Hwy,"6400 N. Northwest Highway Chicago, IL 60631",,,,,United States,41.996882,-87.80737,City Vehicle Stickers: P/LP/S/ST,Addional $5.50 Service Fee,,,Please call for hours,773-467-5600,,
,Sibley C E,"83 W. Sibley Blvd South Holland, IL 60473",,,,,United States,41.622374,-87.619017,City Vehicle Stickers: P/LP/S/ST,Addional $5.50 Service Fee,,,Please call for hours,708-339-6888,,
,Sibley Boulevard And Calumet Expressway C E,"15010 Michigan City Rd Dolton, IL 60419",,,,,United States,41.6181166,-87.5734611,City Vehicle Stickers: P/LP/S/ST,Addional $5.50 Service Fee,,,Please call for hours,708-841-3130,,
,Seaway Bank And Trust Michigan,"11116 S. Michigan Ave Chicago, IL 60628",,,,,United States,41.6920606,-87.6212152,City Vehicle Stickers: P/LP/S/ST,Addional $5.50 Service Fee,,,Please call for hours,773-660-8950,,
,Seaway Bank And Trust Company King Drive,"3501 S. Martin Luther King Drive Chicago, IL 60653",,,,,United States,41.8310591,-87.6169374,City Vehicle Stickers: P/LP/S/ST,Addional $5.50 Service Fee,,,Please call for hours,773-624-7350,,
,Seaway Bank And Trust Company  Main,"645 E. 87th St Chicago, IL 60619",,,,,United States,41.7365149,-87.6078155,City Vehicle Stickers: P/LP/S/ST,Addional $5.50 Service Fee,,,Please call for hours,773-602-4000,,
,Schiller Park C E Inc,"9452 Irving Park Rd Schiller Park, IL 60176",,,,,United States,41.954764,-87.863583,City Vehicle Stickers: P/LP/S/ST,Addional $5.50 Service Fee,,,Please call for hours,847-678-5277,,
,Roosevelt Western C E,"1143 S. Western Ave Chicago, IL 60612",,,,,United States,41.867147,-87.6856789,City Vehicle Stickers: P/LP/S/ST,Addional $5.50 Service Fee,,,Please call for hours,312-666-7909,,
,Roosevelt And Mannheim C E,"334-36 S. Mannheim Rd Hillside, IL 60162",,,,,United States,41.864134,-87.883025,City Vehicle Stickers: P/LP/S/ST,Addional $5.50 Service Fee,,,Please call for hours,708-544-1801,,
,River Run C E,"20518 N. Milwaukee Ave Deerfield, IL 60015",,,,,United States,42.1590404,-87.9180926,City Vehicle Stickers: P/LP/S/ST,Addional $5.50 Service Fee,,,Please call for hours,847-459-9800,,
,Richton Park C E,"3720 W. Sauk Trail Richton Park, IL 60471",,,,,United States,41.484809,-87.7056659,City Vehicle Stickers: P/LP/S/ST,Addional $5.50 Service Fee,,,Please call for hours,708-481-4510,,
,Pollux LLC,"9641 W. Grand Ave Franklin Park, IL 60131",,,,,United States,41.9297363,-87.8666501,City Vehicle Stickers: P/LP/S/ST,Addional $5.50 Service Fee,,,Please call for hours,847-451-9060,,
,Peterson Cicero C E,"6043 N. Cicero Ave Chicago, IL 60646",,,,,United States,41.990736,-87.748298,City Vehicle Stickers: P/LP/S/ST,Addional $5.50 Service Fee,,,Please call for hours,773-777-4140,,
,Peoples C E,"1605 Maple Ave Evanston, IL 60201",,,,,United States,42.047288,-87.68495,City Vehicle Stickers: P/LP/S/ST,Addional $5.50 Service Fee,,,Please call for hours,847-328-5337,,
,Park Federal Savings Bank 55th Street,"2740 W. 55th St. Chicago, IL 60632",,,,,United States,41.793969,-87.692971,City Vehicle Stickers: P/LP/S/ST,Addional $5.50 Service Fee,,,Please call for hours,773-434-6040,,
,Park Federal Savings Bank 47th Street,"5400 S. Pulaski Chicago, IL 60632",,,,,United States,41.7949119,-87.723587,City Vehicle Stickers: P/LP/S/ST,Addional $5.50 Service Fee,,,Please call for hours,773-582-8200,,
,Park Federal Savings Bank,"1823 W. 47th St. Chicago, IL 60609",,,,,United States,41.80828,-87.670819,City Vehicle Stickers: P/LP/S/ST,Addional $5.50 Service Fee,,,Please call for hours,773-843-1900,,
,Palwaukee C E,"690 Milwaukee Ave Prospect Heights, IL 60070",,,,,United States,42.1046435,-87.8877327,City Vehicle Stickers: P/LP/S/ST,Addional $5.50 Service Fee,,,Please call for hours,847-537-7575,,
,Palos Hills C E,"9911 S. Roberts Road, Palos Hills, IL 60456",,,,,United States,41.7108054,-87.8175597,City Vehicle Stickers: P/LP/S/ST,Addional $5.50 Service Fee,,,Please call for hours,708-430-2810,,
,Pacific Global Bank  China Town,"2156A S. Archer Ave Chicago, IL 60616",,,,,United States,41.853585,-87.634334,City Vehicle Stickers: P/LP/S/ST,Addional $5.50 Service Fee,,,Please call for hours,312-225-2220,,
,Pacific Global Bank  Ashland,"3233 S. Ashland Ave Chicago, IL 60608",,,,,United States,41.834613,-87.6655727,City Vehicle Stickers: P/LP/S/ST,Addional $5.50 Service Fee,,,Please call for hours,773-843-3233,,
,Pacific Global Bank,"2323 S. Wentworth Ave Chicago, IL 60616",,,,,United States,41.850257,-87.631676,City Vehicle Stickers: P/LP/S/ST,Addional $5.50 Service Fee,,,Please call for hours,312-225-2323,,
,Order Express 043,"3218 North Kimball Ave Chicago, IL 60618",,,,,United States,41.939888,-87.712904,City Vehicle Stickers: P/LP/S/ST,Addional $5.50 Service Fee,,,Please call for hours,773-588-5782,,
,Order Express 034,"565 W. Main Street, West Chicago, IL  60185",,,,,United States,41.8820634,-88.1957907,City Vehicle Stickers: P/LP/S/ST,Addional $5.50 Service Fee,,,Please call for hours,630-562-1945,,
,Order Express 025,"3453 W. Montrose Ave. Chicago, IL 60618",,,,,United States,41.960868,-87.715192,City Vehicle Stickers: P/LP/S/ST,Addional $5.50 Service Fee,,,Please call for hours,773-267-8227,,
,Order Express 019,"4392 S. Archer Ave. Chicago, IL 60632",,,,,United States,41.8136713,-87.7049449,City Vehicle Stickers: P/LP/S/ST,Addional $5.50 Service Fee,,,Please call for hours,773-247-1192,,
,Order Express 017,"5916 W. Cermak Rd., Cicero, IL  60804",,,,,United States,41.8509423,-87.7720714,City Vehicle Stickers: P/LP/S/ST,Addional $5.50 Service Fee,,,Please call for hours,708-656-0384,,
,Order Express 010,"4201 W. North Ave. Chicago, IL 60651",,,,,United States,41.9098433,-87.7310398,City Vehicle Stickers: P/LP/S/ST,Addional $5.50 Service Fee,,,Please call for hours,773-227-3935,,
,43rd & Ashland ,4303 S Ashland Ave ,,Chicago,IL ,60609,United States,41.8158083,-87.6650414,City Vehicle Stickers: P/LP/S/ST,Addional $5.50 Service Fee,,,Please call for hours,(773) 247-4422,(773) 247-8636,
,43rd & Pulaski ,4328 S Pulaski Rd ,,Chicago,IL ,60632,United States,41.8143673,-87.7240316,City Vehicle Stickers: P/LP/S/ST,Addional $5.50 Service Fee,,,Please call for hours,(773) 247-4450,(773) 247-4456,
,55th & California ,5453 S California Ave ,,Chicago,IL ,60632,United States,41.7941221,-87.6937874,City Vehicle Stickers: P/LP/S/ST,Addional $5.50 Service Fee,,,Please call for hours,(773) 776-6800,(773) 776-1278,
,55th & Pulaski ,5501 S Pulaski Rd ,,Chicago,IL ,60629,United States,41.7930585,-87.7229771,City Vehicle Stickers: P/LP/S/ST,Addional $5.50 Service Fee,,,Please call for hours,(773) 735-4300,(773) 735-4595,
,62nd & Western ,6152 S Western Ave,,Chicago,IL ,60636,United States,41.7813405,-87.6839225,City Vehicle Stickers: P/LP/S/ST,Addional $5.50 Service Fee,,,Please call for hours,(773) 776-4500,(773) 776-8410,
,63rd & Ashland ,6240 S Ashland Ave ,,Chicago,IL ,60636,United States,41.780092,-87.664605,City Vehicle Stickers: P/LP/S/ST,Addional $5.50 Service Fee,,,Please call for hours,(773) 737-2260,(773) 737-3074,
,63rd & Pulaski ,4021 W 63rd St ,,Chicago,IL ,60629,United States,41.7785583,-87.7236519,City Vehicle Stickers: P/LP/S/ST,Addional $5.50 Service Fee,,,Please call for hours,(773) 767-7636,(773) 767-9055,
,67th & Pulaski ,6701 S Pulaski ,,Chicago,IL,60629,United States,41.771232,-87.722196,City Vehicle Stickers: P/LP/S/ST,Addional $5.50 Service Fee,,,Please call for hours,(773) 585-8980,(773) 526-5335,
,87th & Kedzie ,3218 W 87th St,,Chicago,IL ,60652,United States,41.737597,-87.70249,City Vehicle Stickers: P/LP/S/ST,Addional $5.50 Service Fee,,,Please call for hours,(773) 434-1781,(773) 434-1783,
,95th & Ashland ,9459 S Ashland Ave ,,Chicago,IL ,60620,United States,41.7213906,-87.6624868,City Vehicle Stickers: P/LP/S/ST,Addional $5.50 Service Fee,,,Please call for hours,(773) 238-8900,(773) 238-0061,
,95th & Kedzie ,3200 W 95th St ,,Evergreen Park,IL ,60805,United States,41.7208056,-87.7018749,City Vehicle Stickers: P/LP/S/ST,Addional $5.50 Service Fee,,,Please call for hours,(708) 424-7474,(708) 424-3146,
,Archer & 63rd ,7655 1/2 63rd St ,,Summit Argo,IL ,60501,United States,41.776743,-87.812795,City Vehicle Stickers: P/LP/S/ST,Addional $5.50 Service Fee,,,Please call for hours,(708) 458-1552,(708) 458-0189,
,Austin & Archer ,6177 S Archer Ave ,,Chicago,IL ,60638,United States,41.793719,-87.773498,City Vehicle Stickers: P/LP/S/ST,Addional $5.50 Service Fee,,,Please call for hours,(773) 735-7494,(773) 735-8767,
,Belmont & Central ,5559 W Belmont Ave ,,Chicago,IL ,60641,United States,41.9386894,-87.7666131,City Vehicle Stickers: P/LP/S/ST,Addional $5.50 Service Fee,,,Please call for hours,(773) 685-0202,(773) 685-0748,
,California & 63rd ,2756 W 63rd St ,,Chicago,IL ,60629,United States,41.779404,-87.693208,City Vehicle Stickers: P/LP/S/ST,Addional $5.50 Service Fee,,,Please call for hours,(773) 778-3838,(773) 778-4551,
,California & Division ,2745 W Division St ,,Chicago,IL ,60622,United States,41.902639,-87.696209,City Vehicle Stickers: P/LP/S/ST,Addional $5.50 Service Fee,,,Please call for hours,(773) 486-4416,(773) 486-4025,
,Western North C E Inc,"1555 N. Western Ave Chicago, IL 60622",,,,,United States,41.9102702,-87.6870587,City Vehicle Stickers: P/LP/S/ST,Addional $5.50 Service Fee,,,Please call for hours,773-278-1360,,
,Wilson Broadway C E,"4559 N. Broadway St Chicago, IL 60640",,,,,United States,41.9654474,-87.657457,City Vehicle Stickers: P/LP/S/ST,Addional $5.50 Service Fee,,,Please call for hours,773-561-0026,,
,Youngs Lincoln C E,"5671 N. Lincoln Ave Chicago, IL 60659",,,,,United States,41.984806,-87.697328,City Vehicle Stickers: P/LP/S/ST,Addional $5.50 Service Fee,,,Please call for hours,773-989-1114,,